{
    "version": 1,
    "author": "Nadila-Yanuarika",
    "editor": "wokwi",
    "parts": [
      { "type": "board-esp32-devkit-c-v4", "id": "esp", "top": 0, "left": 0, "attrs": {} },
      {
        "type": "wokwi-led",
        "id": "led1",
        "top": -22.8,
        "left": -111.4,
        "attrs": { "color": "red" }
      },
      {
        "type": "wokwi-led",
        "id": "led2",
        "top": 73.2,
        "left": -178.6,
        "attrs": { "color": "green" }
      },
      {
        "type": "wokwi-led",
        "id": "led3",
        "top": 15.6,
        "left": -149.8,
        "attrs": { "color": "yellow" }
      }
    ],
    "connections": [
      [ "esp:TX", "$serialMonitor:RX", "", [] ],
      [ "esp:RX", "$serialMonitor:TX", "", [] ],
      [ "led1:A", "esp:25", "green", [ "v0" ] ],
      [ "led3:A", "esp:26", "green", [ "v0" ] ],
      [ "led2:A", "esp:27", "green", [ "v0" ] ],
      [ "led1:C", "esp:GND.1", "green", [ "v0" ] ],
      [ "led3:C", "esp:GND.1", "green", [ "v0" ] ],
      [ "led2:C", "esp:GND.1", "green", [ "v0" ] ]
    ],
    "dependencies": {}
  }
  